max-memory,quant_method,real-time,sys-time,user-time
2.2307205200195312,Salmon,2.6839830956790225,1.378216149749878,2.799795286471087
1.4788055419921875,RSEM,3.268460958684802,1.2595938788859486,3.2636881334703953
4.8139076232910165,Kallisto,2.575580380573512,1.3057811512549822,2.5506074306351305
1.4806365966796875,Express,3.294798984266865,1.3248994970523134,3.289597870202208
5.896385192871094,Sailfish,2.8981929545310434,1.707314633588708,2.8780792331116247
