max-memory,quant_method,real-time,sys-time,user-time
2.231250762939453,Salmon,2.6563186487713417,1.4017450822370627,2.764400322956388
1.4765472412109375,RSEM,3.3136394722938305,1.893983567211847,3.2960110627611705
4.814971923828125,Kallisto,2.7043221408222355,1.7561795168438092,2.651190758574044
1.47772216796875,Express,3.283145126072744,1.4053463601757088,3.2767328663841315
5.8963890075683585,Sailfish,2.884670776607023,1.6738499773429494,2.8677208015226543
